Contact Mail,First,Surname,Org,Position,Location,Cell,Booth Notes,Opt In
ana.popescu@abc.example,Ana,Popescu,ABC Demo,CTO,Romania,+40 721 000 111,Asked about pricing,Y
mark.jensen@fabrikam-demo.example,Mark,Jensen,Fabrikam Demo,Marketing Manager,Denmark,+45 20 00 01 02,,Y
li.wei@contoso-demo.example,Li,Wei,Contoso Demo,VP of Sales,Singapore,+65 8000 1234,Wants a follow up call,Y
sofia.rossi@adatum-demo.example,Sofia,Rossi,Adatum Demo,Head of Growth,Italy,,Scanned badge twice,Y
tom.baker@tailspin-demo.example,Tom,Baker,Tailspin Demo,Account Executive,United Kingdom,+44 7700 900123,,N
priya.nair@litware-demo.example,Priya,Nair,Litware Demo,DevOps Ninja,India,+91 90000 12345,Very technical questions,Y
jonas.berg@proseware-demo.example,Jonas,Berg,Proseware Demo,Founder,Sweden,,,Y
emma.dubois@,Emma,Dubois,Lucerne Demo,Consultant,France,+33 6 00 00 00 01,Email unreadable on badge,Y
carlos.mendez@wingtip-demo.example,Carlos,Mendez,Wingtip Demo,Sr. Software Engineer,Spain,,,Y
claire.martin@lucerne-demo.example,Claire,Martin,Lucerne Demo,Directeur Marketing,France,+33 6 00 00 00 02,,Y
hans.keller@alpine-demo.example,Hans,Keller,Alpine Demo,Geschäftsführer,Germany,+49 151 0000001,Decision maker,Y
olga.novak@fourthcoffee-demo.example,Olga,Novak,Fourth Coffee Demo,IT Manager,Czech Republic,,,Y
sam.lee@university-demo.example,Sam,Lee,City University Demo,Student,United States,,Picked up swag only,N
n/a,Test,Test,asdf,asdf,,,,
ines.costa@humongous-demo.example,Ines,Costa,Humongous Demo,,Portugal,+351 910 000 001,No title on badge,Y
ravi.shah@trey-demo.example,Ravi,Shah,Trey Demo,Chief Happiness Officer,India,,,Y
nora.lind@woodgrove-demo.example,Nora,Lind,Woodgrove Demo,Procurement Lead,Norway,+47 400 00 001,,Y
kenji.sato@margie-demo.example,Kenji,Sato,Margie Demo,Wizard of Light Bulb Moments,Japan,,Unusual title,Y
lucy.owen@fabrikam-demo.example,Lucy,Owen,Fabrikam Demo,Marketing Manager,Ireland,,,Y
david.cohen@contoso-demo.example,David,Cohen,Contoso Demo,Product Manager,Israel,+972 50 000 0001,,Y
maria.silva@adatum-demo.example,Maria,Silva,Adatum Demo,Customer Success Manager,Brazil,,,Y
,Peter,Novak,ABC Demo,Finance Director,Slovakia,+421 900 000 001,No email given,Y
aisha.khan@litware-demo.example,Aisha,Khan,Litware Demo,HR Business Partner,United Arab Emirates,,,Y
george.pap@tailspin-demo.example,George,Pap,Tailspin Demo,Data Analyst,Greece,+30 690 000 0001,,Y
